customer_id,name,email,phone,address,join_date
1,김수민,seongmingim@example.net,010-1960-0133,인천광역시 강남구 언주94로 349-36,2024-12-31
2,권동현,wgim@example.net,051-078-1618,대전광역시 영등포구 학동로 82 (지아이리),2026-01-08
3,김아름,yeonghyi19@example.net,042-832-7648,전라남도 단양군 언주로 275-9,2025-02-12
4,최정희,areumi@example.net,062-242-3884,경상북도 포천시 테헤란가 882 (성진김리),2025-12-09
5,이현준,hyeonjeong01@example.net,010-4514-6270,대구광역시 구로구 가락거리 204 (준서김마을),2026-08-16
6,이경수,jiyeong43@example.org,044-911-7182,경상남도 천안시 서북구 강남대가 774,2026-03-22
7,오영숙,jinho87@example.org,044-315-0983,경기도 성남시 분당구 언주로 73,2025-10-06
8,장상철,yejiyang@example.net,063-376-3116,울산광역시 마포구 도산대106거리 197 (미정김읍),2025-04-06
9,양도현,gimhyejin@example.org,032-326-7736,대구광역시 서대문구 개포거리 434-90,2026-03-23
10,최정희,seungmingim@example.org,011-805-0097,경기도 양구군 역삼로 692,2026-07-03
11,김중수,seoyungim@example.org,061-998-5435,전북특별자치도 여주시 오금거리 952,2026-04-08
12,김은정,gimyeonggil@example.com,041-513-5427,서울특별시 서초구 오금2거리 761 (영환조면),2025-02-07
13,고예진,jieun01@example.net,061-400-5242,제주특별자치도 제천시 잠실1로 37-48 (진우김면),2026-08-01
14,우경희,yeonggil31@example.com,010-6923-2260,전라남도 원주시 강남대길 894-5,2026-06-30
15,김지훈,jaeho33@example.org,018-365-4145,제주특별자치도 연천군 봉은사거리 지하595 (도현최이면),2025-08-06
16,박영숙,yeongceolo@example.org,064-783-5615,부산광역시 송파구 서초대65가 131-25 (영미이신읍),2025-12-24
17,이지현,ujin69@example.net,017-577-7387,강원특별자치도 하남시 학동4길 26-6,2025-03-11
18,강지연,oi@example.net,043-676-3201,충청남도 안산시 상록구 도산대317길 573 (하윤손강마을),2025-07-30
19,최하윤,wbag@example.org,017-487-3471,인천광역시 강북구 삼성122길 724-28 (지후이리),2025-07-21
20,전성훈,goyunseo@example.com,063-054-6688,경상남도 고양시 일산서구 선릉06거리 지하742,2025-01-08
21,허현지,baegseohyeon@example.net,02-1627-2046,인천광역시 양천구 삼성46거리 지하482 (옥자김면),2025-02-23
22,황은지,hasiu@example.org,016-232-7193,전북특별자치도 단양군 역삼912거리 27 (서영백이읍),2024-10-31
23,류서현,jeonghyi91@example.net,031-586-5185,울산광역시 서구 봉은사57길 752,2025-10-12
24,이지원,ubag@example.net,051-531-4737,전라남도 수원시 팔달구 삼성7길 349-36 (보람박김읍),2026-03-15
25,최상호,fyun@example.com,02-1436-3495,제주특별자치도 고성군 선릉855가 258-30 (예지이마을),2026-04-17
26,김지아,yeji89@example.com,033-343-5240,전북특별자치도 성남시 잠실거리 106,2026-07-11
27,이영수,seungmin04@example.com,033-167-1902,전북특별자치도 안양시 봉은사가 810-80,2025-02-24
28,이하은,jia64@example.net,016-091-3341,충청남도 안산시 상록구 역삼로 706-77,2025-09-01
29,김정식,ogim@example.com,017-936-1832,대구광역시 용산구 역삼거리 944-37 (서준한한면),2025-09-25
30,이은서,mseo@example.com,02-1399-0490,경상남도 인제군 강남대9가 482-45,2025-07-16
31,장준호,jungsu74@example.net,055-807-1545,울산광역시 남구 오금가 193,2025-10-09
32,권재현,gimminji@example.com,062-710-9324,울산광역시 용산구 봉은사가 511-92,2025-04-16
33,이지현,jgim@example.org,055-398-2146,광주광역시 서구 양재천거리 676 (지아박박면),2025-11-04
34,이현숙,hyeonjugim@example.com,044-605-7662,경기도 부천시 오정구 봉은사18가 420-84 (민준황면),2025-05-22
35,이미경,jimin86@example.com,017-780-9134,강원특별자치도 태백시 가락로 711,2025-04-22
36,김지우,jongsu62@example.org,064-769-2221,충청남도 철원군 언주가 262 (지원박면),2026-02-10
37,김현정,sunog64@example.com,052-367-1369,광주광역시 강남구 압구정640로 853-37 (수민이읍),2025-12-28
38,권정훈,sugjabae@example.net,031-470-9521,대전광역시 송파구 역삼2거리 936 (정순김류리),2026-05-21
39,문준서,jca@example.org,018-685-1604,세종특별자치시 은평구 석촌호수51길 635,2026-07-20
40,이은영,yungyeongsug@example.net,052-612-0047,부산광역시 성북구 개포가 430-76,2026-04-01
41,손은지,rgang@example.org,019-537-7351,대전광역시 중구 강남대1가 658-82 (민석이읍),2026-05-06
42,김지연,seoyunsong@example.org,053-290-4228,대구광역시 성동구 테헤란로 603-42 (성훈김리),2025-10-15
43,김영길,misug17@example.net,044-908-4700,경상북도 동해시 서초중앙가 330-78 (민수이마을),2025-11-01
44,이은서,hyeonu96@example.org,019-183-6736,세종특별자치시 서대문구 봉은사65거리 704 (민재류김동),2026-04-03
45,송윤서,yeongsug65@example.net,061-049-4519,충청북도 태안군 언주5거리 588-29,2026-05-21
46,최정훈,gangareum@example.net,051-024-4550,충청북도 보령시 학동0로 386,2025-07-25
47,김성수,eungyeong99@example.org,031-229-0147,경상남도 당진시 선릉38로 114 (영순최박면),2024-10-07
48,나도윤,jaehogim@example.org,051-451-0762,경상북도 양양군 서초대거리 883,2026-04-01
49,김지훈,seoyeong96@example.net,017-641-6052,전라남도 안양시 만안구 봉은사6가 406-40 (영수황김동),2025-10-19
50,백순자,yeongilgim@example.org,042-921-2779,전라남도 서천군 테헤란17가 606-8 (미경이박동),2025-06-15
51,김채원,gangmigyeong@example.com,011-807-9359,제주특별자치도 이천시 반포대로 517 (도현오리),2025-10-14
52,김영미,junyeong59@example.org,017-515-1864,대구광역시 노원구 석촌호수길 991 (서준오김마을),2025-06-21
53,이미정,yunjihun@example.com,02-5423-5733,충청북도 성남시 분당구 봉은사880거리 386-20,2025-01-06
54,한우진,yejigim@example.com,018-379-4738,전북특별자치도 영월군 영동대가 797,2025-06-25
55,이민지,eunjeonggim@example.com,031-758-1814,대구광역시 강북구 서초대6로 906-45,2026-08-25
56,김영일,junyeonggim@example.org,02-5152-2047,경상남도 삼척시 학동로 856,2024-12-27
57,서옥자,hwangyeongil@example.org,031-369-7117,인천광역시 강남구 양재천가 247-74,2025-07-22
58,장영진,minjae88@example.net,064-780-6706,광주광역시 송파구 영동대로 751 (은경서면),2024-12-14
59,정준서,jeongsunim@example.net,063-221-7043,인천광역시 북구 삼성거리 835,2025-10-28
60,김재호,jongsu05@example.com,033-566-7652,경상남도 양주시 학동616길 지하301 (상현이이리),2025-12-14
61,김영희,wgim@example.net,061-401-6582,대구광역시 남구 도산대1길 393-73,2024-09-27
62,장현정,jinho19@example.org,064-756-5431,대구광역시 강서구 잠실4거리 627,2025-04-11
63,엄서영,jiminbag@example.net,062-155-1884,대구광역시 강남구 영동대길 812 (영일박면),2025-11-06
64,박현지,subingim@example.com,055-786-6912,부산광역시 양천구 오금528길 515 (정순박면),2025-01-07
65,심상현,jeonghyi43@example.net,010-4249-8182,충청북도 태안군 석촌호수0로 272,2026-01-20
66,최우진,bagsujin@example.com,017-473-6471,대구광역시 양천구 서초중앙35길 지하883,2026-03-13
67,민성현,xgim@example.net,010-1537-1473,강원특별자치도 성남시 수정구 개포632거리 195-98,2025-01-03
68,박영식,myeongja16@example.net,062-339-5004,경상남도 하남시 봉은사가 745 (윤서이이마을),2025-11-12
69,최도현,rgweon@example.net,018-912-1655,대구광역시 중랑구 서초대0로 824-61 (성진손김마을),2025-05-07
70,진정호,seohyeon88@example.net,063-947-0551,전북특별자치도 옥천군 백제고분가 592-30 (서윤김마을),2026-04-26
71,김정순,coeyeonghyi@example.org,02-7562-6368,경기도 제천시 서초대길 지하333 (미영이김마을),2025-05-25
72,장채원,sumin33@example.com,010-4344-3757,광주광역시 도봉구 석촌호수가 978-99 (재현이동),2025-05-29
73,윤지아,siubag@example.net,019-421-9933,인천광역시 관악구 도산대로 735-61,2024-11-19
74,김현주,jungsusim@example.com,063-345-4019,제주특별자치도 증평군 역삼가 지하957,2026-08-17
75,전주원,cunjaca@example.com,031-049-9154,제주특별자치도 고성군 테헤란743로 749 (순자오김면),2026-05-09
76,장병철,gryu@example.com,032-612-2753,광주광역시 서대문구 반포대거리 지하310,2025-11-28
77,김은지,minsugim@example.com,042-684-1459,충청남도 광명시 테헤란95가 776-69,2026-05-17
78,김선영,bagmiyeong@example.com,032-910-8839,충청북도 용인시 수지구 봉은사397로 지하457,2026-05-23
79,김승현,coeyeongsug@example.com,070-0640-3910,전라남도 충주시 잠실로 33-37 (성훈김윤리),2025-06-19
80,이채원,ri@example.net,010-2512-8682,경기도 괴산군 양재천가 545-49,2026-06-03
81,박민재,cunjao@example.org,031-690-3311,세종특별자치시 동작구 언주로 240-70,2025-02-17
82,황민서,yeongil95@example.net,016-534-2836,광주광역시 중구 가락가 49-45 (은영이이읍),2025-04-22
83,권영수,jaehoo@example.com,031-866-8826,전북특별자치도 고양시 덕양구 가락7거리 742-25,2024-10-12
84,장예준,gimyunseo@example.net,018-837-3540,충청남도 증평군 서초중앙길 407-31,2025-11-04
85,이영수,jeongnam58@example.com,062-175-3556,인천광역시 송파구 압구정거리 594-93,2025-07-23
86,김상현,myeongjayun@example.net,053-477-7252,제주특별자치도 정선군 잠실로 860,2026-06-21
87,류광수,ijeongja@example.org,032-203-8750,경상남도 수원시 권선구 잠실가 543 (미정이박리),2026-05-21
88,김하은,yeongjingang@example.com,054-461-5679,충청남도 용인시 가락로 389,2025-06-21
89,김경숙,byeongceolhong@example.net,053-918-0339,전북특별자치도 성남시 오금거리 674 (성훈고동),2025-02-09
90,권정희,tnam@example.org,011-396-8562,대전광역시 중구 선릉길 620-99,2025-12-22
91,이지영,gangeunseo@example.com,063-358-6629,강원특별자치도 단양군 언주114길 758 (정수김김면),2025-08-13
92,이민수,jinucoe@example.net,061-101-5819,울산광역시 종로구 선릉18길 174 (성호이이읍),2024-10-21
93,이성민,ihayun@example.net,017-799-3712,서울특별시 서대문구 백제고분57거리 140-39 (선영한박읍),2025-07-08
94,이정자,yju@example.org,053-646-5193,제주특별자치도 수원시 팔달구 논현41가 649-39,2025-03-08
95,김승현,mgim@example.com,011-688-6805,부산광역시 강동구 오금거리 577,2026-01-16
96,이지아,ggim@example.com,044-888-9937,울산광역시 양천구 영동대로 303-54 (상훈노읍),2025-05-30
97,박상철,gi@example.com,070-7514-0105,대구광역시 송파구 서초대길 339,2025-11-10
98,박주원,seungminyun@example.com,02-9379-6603,전북특별자치도 괴산군 석촌호수로 375-42,2025-02-02
99,이준호,seonyeong96@example.net,033-557-9249,대구광역시 노원구 언주거리 383-89,2024-12-20
100,이미정,fi@example.net,010-2827-4225,경기도 광주시 서초중앙길 987 (중수박오리),2025-09-16
101,최주원,jaehyeoni@example.net,052-279-7881,광주광역시 강동구 잠실7길 754-84,2026-04-08
102,양경수,jeonghun17@example.org,044-395-9629,충청남도 고양시 덕양구 석촌호수거리 612,2025-10-25
103,구성민,haeun81@example.org,061-042-2325,경상북도 정선군 석촌호수거리 지하385,2025-08-19
104,안종수,rbag@example.net,054-775-9017,부산광역시 동구 논현37거리 346-71 (서연박면),2026-07-28
105,김미숙,kgim@example.com,062-063-2424,대전광역시 강북구 영동대길 641,2025-04-27
106,권영자,hangeonu@example.com,032-293-8700,부산광역시 남구 테헤란13가 106 (주원이이읍),2026-01-13
107,김옥자,gangseonghyeon@example.com,070-3269-7311,강원특별자치도 논산시 영동대52길 255-71,2025-12-12
108,조지영,hongareum@example.com,043-898-3640,경상남도 의정부시 언주가 541-2,2025-06-09
109,김지혜,ri@example.org,063-109-1043,서울특별시 동구 서초대86가 656-69,2025-10-24
110,이숙자,hyeonjeonggim@example.com,055-914-6303,울산광역시 성동구 백제고분042로 지하725,2024-12-17
111,김현정,seongho24@example.net,033-056-4814,세종특별자치시 양천구 도산대92거리 792-14,2026-07-28
112,오서윤,gimjia@example.org,031-756-2208,충청남도 용인시 수지구 선릉거리 586 (상훈장김읍),2026-05-19
113,김영순,xmun@example.com,053-187-0534,인천광역시 양천구 석촌호수38길 지하7 (광수정윤동),2025-05-20
114,윤준혁,sanghyeon83@example.com,063-024-1038,전라남도 홍천군 석촌호수로 지하137 (민준최이읍),2025-03-04
115,고지훈,vhan@example.com,053-743-1329,대구광역시 성동구 반포대가 124-69,2025-06-07
116,김숙자,jimin12@example.net,052-903-5213,울산광역시 구로구 오금거리 32 (지민최최동),2025-08-26
117,안민석,ryuhyeonju@example.org,043-651-9941,부산광역시 중랑구 테헤란5로 52-22,2026-08-20
118,류영숙,ijihun@example.com,043-244-7209,전북특별자치도 철원군 잠실01거리 430,2025-02-03
119,안선영,jineunseo@example.com,063-875-9856,대구광역시 종로구 백제고분0거리 543 (윤서엄우동),2025-03-13
120,이지은,gweonhayun@example.net,055-522-3955,대전광역시 영등포구 석촌호수길 지하556,2025-04-30
121,김도윤,gwangsubag@example.com,016-325-2500,충청북도 부천시 원미구 학동69로 331-18,2025-01-02
122,이은주,lyun@example.net,010-9539-2644,충청북도 영동군 석촌호수가 지하34,2025-01-21
123,허현주,sunoggim@example.com,041-513-5521,세종특별자치시 종로구 논현1거리 738 (동현이리),2025-01-09
124,박영미,egim@example.net,017-327-1040,광주광역시 성동구 삼성길 750 (민지배동),2025-05-22
125,강예지,iareum@example.net,061-201-5336,광주광역시 도봉구 봉은사로 563 (성진이이면),2026-06-03
126,조서연,gimsunog@example.org,063-146-7741,충청북도 양주시 영동대7로 477 (영식이김동),2024-11-07
127,송영순,minjihong@example.net,061-879-3741,경기도 화천군 봉은사가 996-28 (서준이리),2025-02-05
128,강지현,jeongsu11@example.com,010-6854-8709,강원특별자치도 강릉시 테헤란로 799-13 (지아양양면),2025-06-26
129,최예은,yejungim@example.net,018-606-5307,대전광역시 종로구 양재천47로 308 (은경이서마을),2026-01-16
130,박지훈,wseo@example.net,054-082-1486,제주특별자치도 보령시 역삼길 256,2024-09-27
131,허정식,juweon78@example.com,017-103-5797,경상남도 논산시 영동대4로 396,2024-10-10
132,최현우,sunjajang@example.com,017-680-0722,인천광역시 강북구 가락66거리 224,2025-08-30
133,박우진,gimhyejin@example.com,010-9944-1715,대전광역시 남구 강남대432길 414-85 (영순오윤면),2025-03-22
134,이지민,jeonghoo@example.net,010-7584-2824,세종특별자치시 광진구 잠실5로 229,2026-04-03
135,이춘자,yeongho47@example.org,063-099-9173,울산광역시 구로구 선릉2길 420,2025-11-18
136,민민서,eunseobag@example.net,042-500-7432,경상남도 음성군 테헤란가 440-62,2025-06-26
137,박정웅,sonyujin@example.net,043-003-3542,울산광역시 구로구 역삼0거리 746,2025-10-11
138,이춘자,jeonghobae@example.com,043-260-3323,대구광역시 성동구 가락6거리 609,2024-10-09
139,윤경자,ijunyeong@example.net,051-723-0461,대구광역시 마포구 서초대로 804 (명자강면),2026-06-09
140,김정자,seonghyeon87@example.org,019-753-0011,충청북도 안양시 만안구 봉은사거리 304 (경숙김김동),2026-06-25
141,송성수,gimyujin@example.org,02-2255-7941,대전광역시 동대문구 개포가 지하279 (영자박이읍),2024-11-28
142,서현우,sanghyeonbaeg@example.com,011-729-6590,경상남도 정선군 선릉가 268-84,2025-05-04
143,문영진,hyeonjujang@example.com,064-789-1637,울산광역시 광진구 압구정길 873-64 (민준박읍),2025-05-17
144,김서윤,pi@example.org,062-797-1775,세종특별자치시 송파구 봉은사가 571-71,2024-09-02
145,안현주,jiu83@example.net,018-755-0375,전라남도 보은군 봉은사3로 850 (민지이김읍),2025-09-19
146,오정웅,gimseunghyeon@example.org,055-373-5160,세종특별자치시 양천구 서초중앙로 567-56,2026-06-15
147,유지영,yeongjagim@example.org,033-699-5866,전북특별자치도 여주시 양재천22가 307,2026-06-18
148,고정희,siugang@example.com,018-522-8851,세종특별자치시 영등포구 오금846로 26 (성수장김읍),2025-04-12
149,김명자,siu80@example.com,062-198-3863,서울특별시 서대문구 선릉580로 636 (정순백한면),2026-04-11
150,서서연,jaehyeongim@example.net,032-228-1606,광주광역시 광진구 석촌호수거리 478 (도현남마을),2024-10-11
151,강지현,myeongsug98@example.com,032-583-2818,경상북도 천안시 동남구 학동33거리 301,2025-02-18
152,강예은,gimjeongho@example.org,017-993-0561,전북특별자치도 천안시 동남구 압구정588가 304 (정수김동),2025-01-10
153,황옥자,gimsugja@example.org,018-613-8612,세종특별자치시 강남구 도산대1로 지하814,2025-03-16
154,최서윤,jungsu76@example.com,053-061-8091,부산광역시 은평구 양재천거리 289,2026-04-19
155,이지은,bagmijeong@example.org,070-6842-4508,강원특별자치도 성남시 석촌호수가 970,2024-11-07
156,신지후,yeonggil82@example.org,042-394-3129,세종특별자치시 관악구 양재천로 203,2026-03-19
157,곽아름,sanghyeongang@example.org,053-775-9492,대전광역시 마포구 압구정거리 730-95 (예준이장면),2026-07-15
158,박종수,lcoe@example.net,016-142-8341,서울특별시 남구 석촌호수가 929-5,2025-11-04
159,손영철,juweongim@example.net,070-4278-8165,인천광역시 남구 서초대길 184,2025-11-15
160,윤현주,csim@example.org,063-314-5303,울산광역시 강서구 도산대5로 855 (서윤최이리),2025-06-12
161,배미경,junseo38@example.com,054-577-9082,충청북도 과천시 서초대거리 지하154 (성현조동),2026-01-28
162,송정웅,ejang@example.org,011-260-3029,충청북도 서천군 석촌호수길 265,2026-08-19
163,성예준,yangyejin@example.com,032-379-7723,충청북도 서산시 백제고분거리 945 (선영김이읍),2024-11-25
164,박지후,mryu@example.org,042-799-0881,세종특별자치시 서초구 백제고분로 431-48,2026-07-13
165,박상현,yan@example.com,011-916-2473,광주광역시 동작구 강남대0로 121-67,2024-09-07
166,김준서,ji@example.com,017-944-8695,울산광역시 강동구 선릉가 573 (영철이이리),2026-03-27
167,문민석,hyeonuhan@example.org,033-386-5890,경상북도 청양군 학동길 446,2024-11-09
168,김도현,ocaeweon@example.com,016-849-0277,인천광역시 남구 논현9길 369,2025-03-06
169,구미경,eunseo56@example.com,011-380-1184,대전광역시 서구 언주376로 417 (보람박면),2024-12-01
170,성채원,yeongja69@example.com,044-577-9071,부산광역시 서대문구 오금길 979 (미숙김전읍),2025-04-13
171,장준서,coeseonghun@example.com,054-394-2373,충청남도 시흥시 언주길 160-14,2024-12-04
172,장정숙,gweonminseo@example.org,063-595-7947,제주특별자치도 의왕시 언주208가 34-65,2025-05-29
173,임민준,hanhyeonjun@example.net,02-0369-1559,대구광역시 금천구 언주79거리 511 (영길한이리),2025-04-07
174,최현우,eunjio@example.org,010-6632-2702,경상남도 광명시 서초중앙48로 708-21 (영수김동),2025-08-17
175,김아름,jeongho61@example.com,018-939-9824,대전광역시 서초구 반포대6거리 890 (순옥남리),2026-01-05
176,이하윤,gimyeongsig@example.com,017-449-6475,경상북도 안산시 압구정길 964-96 (영길이동),2024-10-21
177,박명숙,fbag@example.org,051-921-6433,세종특별자치시 관악구 테헤란길 지하36 (지아이박마을),2026-08-29
178,박현우,seohyeonbag@example.net,017-968-8457,강원특별자치도 속초시 영동대42거리 536-98,2026-06-22
179,이영진,eha@example.com,02-6493-0853,제주특별자치도 태백시 언주6가 82 (수진박송마을),2026-05-22
180,이은지,jungsu12@example.org,052-179-7497,전라남도 수원시 권선구 도산대로 289-35,2024-12-08
181,서서현,gyeongsugim@example.com,052-757-0512,광주광역시 강동구 학동723거리 125,2026-04-21
182,이현지,ogsungim@example.com,070-1837-6452,부산광역시 강북구 가락35로 242,2026-01-06
183,김주원,iyeongjin@example.org,011-792-5132,강원특별자치도 청주시 흥덕구 가락0거리 811-14 (명숙이마을),2026-05-07
184,이춘자,gwangsui@example.net,041-407-7848,충청남도 보령시 잠실거리 282 (민재김면),2026-05-31
185,이건우,bseo@example.net,054-935-1863,제주특별자치도 이천시 삼성51로 45-17 (지연김리),2025-01-28
186,최준영,sbag@example.net,051-053-9103,강원특별자치도 횡성군 영동대가 844-79 (미정서전동),2025-02-16
187,김지민,hgim@example.net,044-928-8619,세종특별자치시 강남구 봉은사2가 674-21 (채원배최면),2026-06-20
188,권시우,sumin98@example.org,055-845-7760,광주광역시 동작구 서초대길 308,2025-02-21
189,이종수,jihye88@example.net,011-210-7522,대전광역시 북구 언주거리 585-52 (예진오리),2025-01-14
190,배정식,coejaeho@example.net,011-610-5566,인천광역시 송파구 가락가 537,2024-10-03
191,최성진,seongjinjang@example.com,062-998-1364,충청북도 부천시 오정구 학동90가 409 (은경김김마을),2025-02-02
192,윤병철,yeongjini@example.com,053-911-6655,전라남도 양평군 양재천길 639-19,2025-08-10
193,류상철,seongjin11@example.net,031-392-4051,세종특별자치시 강서구 삼성길 209 (민지강진동),2025-06-21
194,장경희,minsugim@example.net,016-407-0164,부산광역시 종로구 가락36로 888-77 (승민박리),2025-11-11
195,김선영,jeongung62@example.org,054-554-3840,울산광역시 북구 잠실거리 350-51 (병철이마을),2026-07-11
196,김서현,jihuni@example.net,053-782-3298,충청북도 용인시 처인구 선릉길 326,2024-10-24
197,하미영,jeongja20@example.com,061-647-4231,충청북도 수원시 팔달구 백제고분939길 368,2024-11-02
198,박예진,xo@example.org,055-772-2330,경기도 군포시 언주331길 705 (지아손이동),2025-12-18
199,이숙자,baghyeonu@example.org,044-886-0868,인천광역시 도봉구 개포47길 지하302,2025-12-22
200,한하윤,cryu@example.org,070-8129-8266,세종특별자치시 종로구 반포대길 257-42 (예은김동),2026-03-04
